-- phpMyAdmin SQL Dump
-- version 5.0.2
-- https://www.phpmyadmin.net/
--
-- Host: 127.0.0.1
-- Generation Time: Jan 08, 2022 at 04:16 PM
-- Server version: 10.4.14-MariaDB
-- PHP Version: 7.4.10

SET SQL_MODE = "NO_AUTO_VALUE_ON_ZERO";
START TRANSACTION;
SET time_zone = "+00:00";


/*!40101 SET @OLD_CHARACTER_SET_CLIENT=@@CHARACTER_SET_CLIENT */;
/*!40101 SET @OLD_CHARACTER_SET_RESULTS=@@CHARACTER_SET_RESULTS */;
/*!40101 SET @OLD_COLLATION_CONNECTION=@@COLLATION_CONNECTION */;
/*!40101 SET NAMES utf8mb4 */;

--
-- Database: `spksaw`
--

-- --------------------------------------------------------

--
-- Table structure for table `bobot_kriteria`
--

CREATE TABLE `bobot_kriteria` (
  `id_bobotkriteria` int(3) NOT NULL,
  `id_jenisbarang` int(3) NOT NULL,
  `id_kriteria` int(3) NOT NULL,
  `bobot` float NOT NULL
) ENGINE=InnoDB DEFAULT CHARSET=latin1;

--
-- Dumping data for table `bobot_kriteria`
--

INSERT INTO `bobot_kriteria` (`id_bobotkriteria`, `id_jenisbarang`, `id_kriteria`, `bobot`) VALUES
(7, 1, 1, 0.5),
(8, 1, 2, 1),
(9, 1, 3, 0.75),
(10, 1, 4, 1),
(11, 1, 5, 1),
(12, 1, 6, 0.5),
(13, 3, 1, 0),
(14, 3, 2, 0.25),
(15, 3, 3, 0.25),
(16, 3, 4, 0.5),
(17, 3, 5, 1),
(18, 3, 6, 1);

-- --------------------------------------------------------

--
-- Table structure for table `hasil`
--

CREATE TABLE `hasil` (
  `id_hasil` int(3) NOT NULL,
  `id_jenisbarang` int(3) NOT NULL,
  `id_supplier` int(3) NOT NULL,
  `hasil` float NOT NULL
) ENGINE=InnoDB DEFAULT CHARSET=latin1;

--
-- Dumping data for table `hasil`
--

INSERT INTO `hasil` (`id_hasil`, `id_jenisbarang`, `id_supplier`, `hasil`) VALUES
(1, 1, 6, 4.0835),
(2, 1, 7, 3.667),
(3, 1, 8, 3.50025);

-- --------------------------------------------------------

--
-- Table structure for table `jenis_barang`
--

CREATE TABLE `jenis_barang` (
  `id_jenisbarang` int(3) NOT NULL,
  `namaBarang` varchar(30) NOT NULL
) ENGINE=InnoDB DEFAULT CHARSET=latin1;

--
-- Dumping data for table `jenis_barang`
--

INSERT INTO `jenis_barang` (`id_jenisbarang`, `namaBarang`) VALUES
(1, '1969 Harley Davidson Ultimate '),
(2, '1937 Horch 930V Limousine'),
(3, '1934 Ford V8 Coupe'),
(4, '1937 Lincoln Berline'),
(5, '1928 Mercedes-Benz SSK'),
(6, '1917 Grand Touring Sedan'),
(7, '917 Maxwell Touring Car'),
(8, '1926 Ford Fire Engine'),
(9, '1928 British Royal Navy Airpla'),
(10, '1928 Ford Phaeton Deluxe');

-- --------------------------------------------------------

--
-- Table structure for table `kriteria`
--

CREATE TABLE `kriteria` (
  `id_kriteria` int(3) NOT NULL,
  `namaKriteria` varchar(30) NOT NULL,
  `sifat` enum('Benefit','Cost') NOT NULL
) ENGINE=InnoDB DEFAULT CHARSET=latin1;

--
-- Dumping data for table `kriteria`
--

INSERT INTO `kriteria` (`id_kriteria`, `namaKriteria`, `sifat`) VALUES
(1, 'penjelasan produk', 'Benefit'),
(2, 'penawaran harga', 'Cost'),
(3, 'sikap ramah', 'Benefit'),
(4, 'penjelasan garansi', 'Benefit'),
(5, 'keaslian barang', 'Benefit'),
(6, 'tempo pebayaran', 'Benefit');

-- --------------------------------------------------------

--
-- Table structure for table `nilai_kriteria`
--

CREATE TABLE `nilai_kriteria` (
  `id_nilaikriteria` int(3) NOT NULL,
  `id_kriteria` int(3) NOT NULL,
  `nilai` float NOT NULL,
  `keterangan` varchar(50) NOT NULL
) ENGINE=InnoDB DEFAULT CHARSET=latin1;

--
-- Dumping data for table `nilai_kriteria`
--

INSERT INTO `nilai_kriteria` (`id_nilaikriteria`, `id_kriteria`, `nilai`, `keterangan`) VALUES
(5, 2, 0.25, '0 % (Tidak ada)'),
(6, 2, 0.5, '1% - 10%'),
(7, 2, 0.75, '11% - 20%'),
(8, 2, 1, '20 % lebih'),
(10, 3, 0, 'sangat buruk'),
(11, 3, 0.25, 'buruk'),
(12, 3, 0.5, 'cukup'),
(13, 3, 0.75, 'puas'),
(14, 4, 0.25, 'tidak ada'),
(15, 4, 0.5, 'kurang dari 1 tahun'),
(16, 4, 0.75, '1 tahun - 2 tahun'),
(17, 5, 0.5, 'KW'),
(18, 5, 1, 'Original / Asli'),
(19, 6, 0.25, 'Kurang dari 1 Minggu'),
(20, 6, 0.5, '1 minggu s/d 2 minggu'),
(21, 6, 0.75, '3 minggu s/d 4 minggu'),
(22, 1, 0.25, '1 Hari'),
(23, 1, 0.5, '2 hari – 7 hari'),
(24, 1, 0.75, '7 hari – 1 bulan'),
(25, 1, 1, '1 bulan lebih'),
(26, 3, 1, 'sangat memuaskan'),
(27, 4, 1, '2 tahun lebih'),
(28, 6, 1, '1 bulan lebih');

-- --------------------------------------------------------

--
-- Table structure for table `nilai_supplier`
--

CREATE TABLE `nilai_supplier` (
  `id_nilaisupplier` int(3) NOT NULL,
  `id_supplier` int(3) NOT NULL,
  `id_jenisbarang` int(3) NOT NULL,
  `id_kriteria` int(3) NOT NULL,
  `id_nilaikriteria` int(3) NOT NULL
) ENGINE=InnoDB DEFAULT CHARSET=latin1;

--
-- Dumping data for table `nilai_supplier`
--

INSERT INTO `nilai_supplier` (`id_nilaisupplier`, `id_supplier`, `id_jenisbarang`, `id_kriteria`, `id_nilaikriteria`) VALUES
(19, 6, 1, 1, 23),
(20, 6, 1, 2, 6),
(21, 6, 1, 3, 13),
(22, 6, 1, 4, 16),
(23, 6, 1, 5, 18),
(24, 6, 1, 6, 20),
(25, 7, 1, 1, 23),
(26, 7, 1, 2, 7),
(27, 7, 1, 3, 13),
(28, 7, 1, 4, 15),
(29, 7, 1, 5, 18),
(30, 7, 1, 6, 21),
(31, 8, 1, 1, 25),
(32, 8, 1, 2, 8),
(33, 8, 1, 3, 12),
(34, 8, 1, 4, 27),
(35, 8, 1, 5, 17),
(36, 8, 1, 6, 21);

-- --------------------------------------------------------

--
-- Table structure for table `supplier`
--

CREATE TABLE `supplier` (
  `id_supplier` int(3) NOT NULL,
  `namaSupplier` varchar(30) NOT NULL
) ENGINE=InnoDB DEFAULT CHARSET=latin1;

--
-- Dumping data for table `supplier`
--

INSERT INTO `supplier` (`id_supplier`, `namaSupplier`) VALUES
(6, 'Diane Murphy '),
(7, 'Julie Firrelli'),
(8, ' Yue Foon Tseng ');

-- --------------------------------------------------------

--
-- Table structure for table `user`
--

CREATE TABLE `user` (
  `Id_admin` int(3) NOT NULL,
  `username` varchar(30) NOT NULL,
  `password` varchar(200) NOT NULL
) ENGINE=InnoDB DEFAULT CHARSET=latin1;

--
-- Dumping data for table `user`
--

INSERT INTO `user` (`Id_admin`, `username`, `password`) VALUES
(1, 'admin', '$2y$10$M80eHFnCpX6RzDiN7LfRNeNMmUZM51y4gT9NqnerVnud9onIWBvyq');

--
-- Indexes for dumped tables
--

--
-- Indexes for table `bobot_kriteria`
--
ALTER TABLE `bobot_kriteria`
  ADD PRIMARY KEY (`id_bobotkriteria`),
  ADD KEY `id_jenisbarang` (`id_jenisbarang`),
  ADD KEY `id_kriteria` (`id_kriteria`);

--
-- Indexes for table `hasil`
--
ALTER TABLE `hasil`
  ADD PRIMARY KEY (`id_hasil`),
  ADD KEY `id_jenisbarang` (`id_jenisbarang`),
  ADD KEY `id_supplier` (`id_supplier`);

--
-- Indexes for table `jenis_barang`
--
ALTER TABLE `jenis_barang`
  ADD PRIMARY KEY (`id_jenisbarang`);

--
-- Indexes for table `kriteria`
--
ALTER TABLE `kriteria`
  ADD PRIMARY KEY (`id_kriteria`);

--
-- Indexes for table `nilai_kriteria`
--
ALTER TABLE `nilai_kriteria`
  ADD PRIMARY KEY (`id_nilaikriteria`),
  ADD KEY `id_kriteria` (`id_kriteria`);

--
-- Indexes for table `nilai_supplier`
--
ALTER TABLE `nilai_supplier`
  ADD PRIMARY KEY (`id_nilaisupplier`),
  ADD KEY `id_supplier` (`id_supplier`),
  ADD KEY `id_jenisbarang` (`id_jenisbarang`),
  ADD KEY `id_kriteria` (`id_kriteria`),
  ADD KEY `id_nilaikriteria` (`id_nilaikriteria`);

--
-- Indexes for table `supplier`
--
ALTER TABLE `supplier`
  ADD PRIMARY KEY (`id_supplier`);

--
-- Indexes for table `user`
--
ALTER TABLE `user`
  ADD PRIMARY KEY (`Id_admin`);

--
-- AUTO_INCREMENT for dumped tables
--

--
-- AUTO_INCREMENT for table `bobot_kriteria`
--
ALTER TABLE `bobot_kriteria`
  MODIFY `id_bobotkriteria` int(3) NOT NULL AUTO_INCREMENT, AUTO_INCREMENT=19;

--
-- AUTO_INCREMENT for table `hasil`
--
ALTER TABLE `hasil`
  MODIFY `id_hasil` int(3) NOT NULL AUTO_INCREMENT, AUTO_INCREMENT=4;

--
-- AUTO_INCREMENT for table `jenis_barang`
--
ALTER TABLE `jenis_barang`
  MODIFY `id_jenisbarang` int(3) NOT NULL AUTO_INCREMENT, AUTO_INCREMENT=11;

--
-- AUTO_INCREMENT for table `kriteria`
--
ALTER TABLE `kriteria`
  MODIFY `id_kriteria` int(3) NOT NULL AUTO_INCREMENT, AUTO_INCREMENT=7;

--
-- AUTO_INCREMENT for table `nilai_kriteria`
--
ALTER TABLE `nilai_kriteria`
  MODIFY `id_nilaikriteria` int(3) NOT NULL AUTO_INCREMENT, AUTO_INCREMENT=29;

--
-- AUTO_INCREMENT for table `nilai_supplier`
--
ALTER TABLE `nilai_supplier`
  MODIFY `id_nilaisupplier` int(3) NOT NULL AUTO_INCREMENT, AUTO_INCREMENT=37;

--
-- AUTO_INCREMENT for table `supplier`
--
ALTER TABLE `supplier`
  MODIFY `id_supplier` int(3) NOT NULL AUTO_INCREMENT, AUTO_INCREMENT=9;

--
-- AUTO_INCREMENT for table `user`
--
ALTER TABLE `user`
  MODIFY `Id_admin` int(3) NOT NULL AUTO_INCREMENT, AUTO_INCREMENT=2;

--
-- Constraints for dumped tables
--

--
-- Constraints for table `bobot_kriteria`
--
ALTER TABLE `bobot_kriteria`
  ADD CONSTRAINT `bobot_kriteria_ibfk_1` FOREIGN KEY (`id_jenisbarang`) REFERENCES `jenis_barang` (`id_jenisbarang`) ON DELETE CASCADE ON UPDATE CASCADE,
  ADD CONSTRAINT `bobot_kriteria_ibfk_2` FOREIGN KEY (`id_kriteria`) REFERENCES `kriteria` (`id_kriteria`) ON DELETE CASCADE ON UPDATE CASCADE;

--
-- Constraints for table `hasil`
--
ALTER TABLE `hasil`
  ADD CONSTRAINT `hasil_ibfk_1` FOREIGN KEY (`id_jenisbarang`) REFERENCES `jenis_barang` (`id_jenisbarang`) ON DELETE CASCADE ON UPDATE CASCADE,
  ADD CONSTRAINT `hasil_ibfk_2` FOREIGN KEY (`id_supplier`) REFERENCES `supplier` (`id_supplier`) ON DELETE CASCADE ON UPDATE CASCADE;

--
-- Constraints for table `nilai_kriteria`
--
ALTER TABLE `nilai_kriteria`
  ADD CONSTRAINT `nilai_kriteria_ibfk_1` FOREIGN KEY (`id_kriteria`) REFERENCES `kriteria` (`id_kriteria`) ON DELETE CASCADE ON UPDATE CASCADE;

--
-- Constraints for table `nilai_supplier`
--
ALTER TABLE `nilai_supplier`
  ADD CONSTRAINT `nilai_supplier_ibfk_1` FOREIGN KEY (`id_jenisbarang`) REFERENCES `jenis_barang` (`id_jenisbarang`) ON DELETE CASCADE ON UPDATE CASCADE,
  ADD CONSTRAINT `nilai_supplier_ibfk_2` FOREIGN KEY (`id_kriteria`) REFERENCES `kriteria` (`id_kriteria`) ON DELETE CASCADE ON UPDATE CASCADE,
  ADD CONSTRAINT `nilai_supplier_ibfk_3` FOREIGN KEY (`id_supplier`) REFERENCES `supplier` (`id_supplier`) ON DELETE CASCADE ON UPDATE CASCADE,
  ADD CONSTRAINT `nilai_supplier_ibfk_4` FOREIGN KEY (`id_nilaikriteria`) REFERENCES `nilai_kriteria` (`id_nilaikriteria`) ON DELETE CASCADE;
COMMIT;

/*!40101 SET CHARACTER_SET_CLIENT=@OLD_CHARACTER_SET_CLIENT */;
/*!40101 SET CHARACTER_SET_RESULTS=@OLD_CHARACTER_SET_RESULTS */;
/*!40101 SET COLLATION_CONNECTION=@OLD_COLLATION_CONNECTION */;
